--------------------------------------------------------
--  File created - Wednesday-December-25-2019   
--------------------------------------------------------
DROP SEQUENCE "INVENTORY"."TEACHER_SEQ1";
DROP SEQUENCE "INVENTORY"."TEACHER_ORDER_SEQ";
DROP SEQUENCE "INVENTORY"."ORDER_SEQ";
DROP SEQUENCE "INVENTORY"."PROD_SEQ";
DROP SEQUENCE "INVENTORY"."SUPPLIER_SEQ";
DROP TABLE "INVENTORY"."TEACHER_ORDER" cascade constraints;
DROP TABLE "INVENTORY"."TEACHER" cascade constraints;
DROP TABLE "INVENTORY"."SUPPLIER" cascade constraints;
DROP TABLE "INVENTORY"."STATIONERY" cascade constraints;
DROP TABLE "INVENTORY"."PRODUCT" cascade constraints;
DROP TABLE "INVENTORY"."ORDERS_PRODUCT" cascade constraints;
DROP TABLE "INVENTORY"."ORDERS" cascade constraints;
DROP TABLE "INVENTORY"."FOOD" cascade constraints;
--------------------------------------------------------
--  DDL for Sequence TEACHER_SEQ1
--------------------------------------------------------

   CREATE SEQUENCE  "INVENTORY"."TEACHER_SEQ1"  MINVALUE 1 MAXVALUE 9999999999999999999999999999 INCREMENT BY 1 START WITH 110 CACHE 20 NOORDER  NOCYCLE ;
--------------------------------------------------------
--  DDL for Sequence TEACHER_ORDER_SEQ
--------------------------------------------------------

   CREATE SEQUENCE  "INVENTORY"."TEACHER_ORDER_SEQ"  MINVALUE 1 MAXVALUE 9999999999999999999999999999 INCREMENT BY 1 START WITH 61 CACHE 20 NOORDER  NOCYCLE ;
--------------------------------------------------------
--  DDL for Sequence ORDER_SEQ
--------------------------------------------------------

   CREATE SEQUENCE  "INVENTORY"."ORDER_SEQ"  MINVALUE 1 MAXVALUE 9999999999999999999999999999 INCREMENT BY 1 START WITH 81 CACHE 20 NOORDER  NOCYCLE ;
--------------------------------------------------------
--  DDL for Sequence PROD_SEQ
--------------------------------------------------------

   CREATE SEQUENCE  "INVENTORY"."PROD_SEQ"  MINVALUE 1 MAXVALUE 9999999999999999999999999999 INCREMENT BY 1 START WITH 101 CACHE 20 NOORDER  NOCYCLE ;
--------------------------------------------------------
--  DDL for Sequence SUPPLIER_SEQ
--------------------------------------------------------

   CREATE SEQUENCE  "INVENTORY"."SUPPLIER_SEQ"  MINVALUE 1 MAXVALUE 999999999999 INCREMENT BY 1 START WITH 41 CACHE 20 NOORDER  NOCYCLE ;
--------------------------------------------------------
--  DDL for Table TEACHER_ORDER
--------------------------------------------------------

  CREATE TABLE "INVENTORY"."TEACHER_ORDER" 
   (	"TEACHERID" NUMBER, 
	"PRODID" NUMBER, 
	"STATUS" VARCHAR2(50 BYTE), 
	"QUANTITY" NUMBER, 
	"ORDER_DATE" DATE, 
	"ORDERID" NUMBER
   ) SEGMENT CREATION IMMEDIATE 
  PCTFREE 10 PCTUSED 40 INITRANS 1 MAXTRANS 255 NOCOMPRESS LOGGING
  STORAGE(INITIAL 65536 NEXT 1048576 MINEXTENTS 1 MAXEXTENTS 2147483645
  PCTINCREASE 0 FREELISTS 1 FREELIST GROUPS 1 BUFFER_POOL DEFAULT FLASH_CACHE DEFAULT CELL_FLASH_CACHE DEFAULT)
  TABLESPACE "SYSTEM" ;
--------------------------------------------------------
--  DDL for Table TEACHER
--------------------------------------------------------

  CREATE TABLE "INVENTORY"."TEACHER" 
   (	"TEACHERID" NUMBER, 
	"NAME" VARCHAR2(50 BYTE), 
	"PHONE" VARCHAR2(50 BYTE), 
	"ADDRESS" VARCHAR2(50 BYTE), 
	"PASSWORD" VARCHAR2(255 BYTE), 
	"EMAIL" VARCHAR2(50 BYTE), 
	"MANAGERID" NUMBER, 
	"ROLE" VARCHAR2(50 BYTE)
   ) SEGMENT CREATION IMMEDIATE 
  PCTFREE 10 PCTUSED 40 INITRANS 1 MAXTRANS 255 NOCOMPRESS LOGGING
  STORAGE(INITIAL 65536 NEXT 1048576 MINEXTENTS 1 MAXEXTENTS 2147483645
  PCTINCREASE 0 FREELISTS 1 FREELIST GROUPS 1 BUFFER_POOL DEFAULT FLASH_CACHE DEFAULT CELL_FLASH_CACHE DEFAULT)
  TABLESPACE "SYSTEM" ;
--------------------------------------------------------
--  DDL for Table SUPPLIER
--------------------------------------------------------

  CREATE TABLE "INVENTORY"."SUPPLIER" 
   (	"SUPPLIERID" NUMBER, 
	"SUPPNAME" VARCHAR2(50 BYTE), 
	"SUPPADDRESS" VARCHAR2(50 BYTE), 
	"SUPPCONTACT" VARCHAR2(50 BYTE), 
	"SUPPEMAIL" VARCHAR2(50 BYTE)
   ) SEGMENT CREATION IMMEDIATE 
  PCTFREE 10 PCTUSED 40 INITRANS 1 MAXTRANS 255 NOCOMPRESS LOGGING
  STORAGE(INITIAL 65536 NEXT 1048576 MINEXTENTS 1 MAXEXTENTS 2147483645
  PCTINCREASE 0 FREELISTS 1 FREELIST GROUPS 1 BUFFER_POOL DEFAULT FLASH_CACHE DEFAULT CELL_FLASH_CACHE DEFAULT)
  TABLESPACE "SYSTEM" ;
--------------------------------------------------------
--  DDL for Table STATIONERY
--------------------------------------------------------

  CREATE TABLE "INVENTORY"."STATIONERY" 
   (	"PRODID" NUMBER, 
	"STATIONERYBRAND" VARCHAR2(50 BYTE)
   ) SEGMENT CREATION IMMEDIATE 
  PCTFREE 10 PCTUSED 40 INITRANS 1 MAXTRANS 255 NOCOMPRESS LOGGING
  STORAGE(INITIAL 65536 NEXT 1048576 MINEXTENTS 1 MAXEXTENTS 2147483645
  PCTINCREASE 0 FREELISTS 1 FREELIST GROUPS 1 BUFFER_POOL DEFAULT FLASH_CACHE DEFAULT CELL_FLASH_CACHE DEFAULT)
  TABLESPACE "SYSTEM" ;
--------------------------------------------------------
--  DDL for Table PRODUCT
--------------------------------------------------------

  CREATE TABLE "INVENTORY"."PRODUCT" 
   (	"PRODID" NUMBER, 
	"PRODNAME" VARCHAR2(50 BYTE), 
	"PRODPRICE" FLOAT(126), 
	"PRODQUANTITY" NUMBER, 
	"SUPPLIERID" NUMBER, 
	"PRODTYPE" VARCHAR2(50 BYTE), 
	"SELLPRICE" FLOAT(126)
   ) SEGMENT CREATION IMMEDIATE 
  PCTFREE 10 PCTUSED 40 INITRANS 1 MAXTRANS 255 NOCOMPRESS LOGGING
  STORAGE(INITIAL 65536 NEXT 1048576 MINEXTENTS 1 MAXEXTENTS 2147483645
  PCTINCREASE 0 FREELISTS 1 FREELIST GROUPS 1 BUFFER_POOL DEFAULT FLASH_CACHE DEFAULT CELL_FLASH_CACHE DEFAULT)
  TABLESPACE "SYSTEM" ;
--------------------------------------------------------
--  DDL for Table ORDERS_PRODUCT
--------------------------------------------------------

  CREATE TABLE "INVENTORY"."ORDERS_PRODUCT" 
   (	"ORDERID" NUMBER, 
	"PRODID" NUMBER, 
	"STATUS" VARCHAR2(50 BYTE), 
	"ORDERPRODQUANTITY" NUMBER, 
	"TEACHERID" NUMBER
   ) SEGMENT CREATION IMMEDIATE 
  PCTFREE 10 PCTUSED 40 INITRANS 1 MAXTRANS 255 NOCOMPRESS LOGGING
  STORAGE(INITIAL 65536 NEXT 1048576 MINEXTENTS 1 MAXEXTENTS 2147483645
  PCTINCREASE 0 FREELISTS 1 FREELIST GROUPS 1 BUFFER_POOL DEFAULT FLASH_CACHE DEFAULT CELL_FLASH_CACHE DEFAULT)
  TABLESPACE "SYSTEM" ;
--------------------------------------------------------
--  DDL for Table ORDERS
--------------------------------------------------------

  CREATE TABLE "INVENTORY"."ORDERS" 
   (	"ORDERID" NUMBER, 
	"ORDERDATE" DATE, 
	"TEACHERID" NUMBER
   ) SEGMENT CREATION IMMEDIATE 
  PCTFREE 10 PCTUSED 40 INITRANS 1 MAXTRANS 255 NOCOMPRESS LOGGING
  STORAGE(INITIAL 65536 NEXT 1048576 MINEXTENTS 1 MAXEXTENTS 2147483645
  PCTINCREASE 0 FREELISTS 1 FREELIST GROUPS 1 BUFFER_POOL DEFAULT FLASH_CACHE DEFAULT CELL_FLASH_CACHE DEFAULT)
  TABLESPACE "SYSTEM" ;
--------------------------------------------------------
--  DDL for Table FOOD
--------------------------------------------------------

  CREATE TABLE "INVENTORY"."FOOD" 
   (	"PRODID" NUMBER, 
	"FOODTYPE" VARCHAR2(50 BYTE)
   ) SEGMENT CREATION IMMEDIATE 
  PCTFREE 10 PCTUSED 40 INITRANS 1 MAXTRANS 255 NOCOMPRESS LOGGING
  STORAGE(INITIAL 65536 NEXT 1048576 MINEXTENTS 1 MAXEXTENTS 2147483645
  PCTINCREASE 0 FREELISTS 1 FREELIST GROUPS 1 BUFFER_POOL DEFAULT FLASH_CACHE DEFAULT CELL_FLASH_CACHE DEFAULT)
  TABLESPACE "SYSTEM" ;
REM INSERTING into INVENTORY.TEACHER_ORDER
SET DEFINE OFF;
Insert into INVENTORY.TEACHER_ORDER (TEACHERID,PRODID,STATUS,QUANTITY,ORDER_DATE,ORDERID) values (6,61,'Completed',5,to_date('18/11/2019','DD/MM/RRRR'),31);
Insert into INVENTORY.TEACHER_ORDER (TEACHERID,PRODID,STATUS,QUANTITY,ORDER_DATE,ORDERID) values (6,61,'Completed',5,to_date('18/11/2019','DD/MM/RRRR'),32);
Insert into INVENTORY.TEACHER_ORDER (TEACHERID,PRODID,STATUS,QUANTITY,ORDER_DATE,ORDERID) values (30,62,'Completed',15,to_date('19/11/2019','DD/MM/RRRR'),33);
Insert into INVENTORY.TEACHER_ORDER (TEACHERID,PRODID,STATUS,QUANTITY,ORDER_DATE,ORDERID) values (6,61,'Pending',2,to_date('27/11/2019','DD/MM/RRRR'),41);
Insert into INVENTORY.TEACHER_ORDER (TEACHERID,PRODID,STATUS,QUANTITY,ORDER_DATE,ORDERID) values (6,62,'Pending',2,to_date('27/11/2019','DD/MM/RRRR'),42);
Insert into INVENTORY.TEACHER_ORDER (TEACHERID,PRODID,STATUS,QUANTITY,ORDER_DATE,ORDERID) values (6,62,'Pending',3,to_date('27/11/2019','DD/MM/RRRR'),43);
REM INSERTING into INVENTORY.TEACHER
SET DEFINE OFF;
Insert into INVENTORY.TEACHER (TEACHERID,NAME,PHONE,ADDRESS,PASSWORD,EMAIL,MANAGERID,ROLE) values (5,'Day Malek','012345689','Villa Nabila','202cb962ac59075b964b07152d234b70','daymalek@gmail.com',null,'Admin');
Insert into INVENTORY.TEACHER (TEACHERID,NAME,PHONE,ADDRESS,PASSWORD,EMAIL,MANAGERID,ROLE) values (6,'Pah','013456721','Taman Bunga.','81dc9bdb52d04dc20036dbd8313ed055','pah@yahoo.com',5,'Admin');
Insert into INVENTORY.TEACHER (TEACHERID,NAME,PHONE,ADDRESS,PASSWORD,EMAIL,MANAGERID,ROLE) values (27,'Najiha','0132986146','No. 1232, Lipat Kajang Perdana, Melaka, Malaysia','202cb962ac59075b964b07152d234b70','jihakhatamarazi98@yahoo.com',5,'Staff');
Insert into INVENTORY.TEACHER (TEACHERID,NAME,PHONE,ADDRESS,PASSWORD,EMAIL,MANAGERID,ROLE) values (29,'puteri','01123456789','Jasin','202cb962ac59075b964b07152d234b70','putput@gmail.com',5,'Staff');
Insert into INVENTORY.TEACHER (TEACHERID,NAME,PHONE,ADDRESS,PASSWORD,EMAIL,MANAGERID,ROLE) values (30,'rosie','01987654377','rosmerah','202cb962ac59075b964b07152d234b70','ros@yahoo.com',null,'Teacher');
Insert into INVENTORY.TEACHER (TEACHERID,NAME,PHONE,ADDRESS,PASSWORD,EMAIL,MANAGERID,ROLE) values (28,'ed','0132456789','Serendah','202cb962ac59075b964b07152d234b70','ed@gmail.com',5,'Staff');
Insert into INVENTORY.TEACHER (TEACHERID,NAME,PHONE,ADDRESS,PASSWORD,EMAIL,MANAGERID,ROLE) values (51,'meran','12','lkp','202cb962ac59075b964b07152d234b70','memerang@ymail.com',5,'Staff');
Insert into INVENTORY.TEACHER (TEACHERID,NAME,PHONE,ADDRESS,PASSWORD,EMAIL,MANAGERID,ROLE) values (42,'as','01293939848','sdffv','202cb962ac59075b964b07152d234b70','sdg',5,'Staff');
Insert into INVENTORY.TEACHER (TEACHERID,NAME,PHONE,ADDRESS,PASSWORD,EMAIL,MANAGERID,ROLE) values (90,'Sarip','0199991234','Jasin','202cb962ac59075b964b07152d234b70','SaripDol@gmail.com',5,'Admin');
Insert into INVENTORY.TEACHER (TEACHERID,NAME,PHONE,ADDRESS,PASSWORD,EMAIL,MANAGERID,ROLE) values (70,'Imran','1','ganu','202cb962ac59075b964b07152d234b70','imransasudin@gmail.com',5,'Admin');
REM INSERTING into INVENTORY.SUPPLIER
SET DEFINE OFF;
Insert into INVENTORY.SUPPLIER (SUPPLIERID,SUPPNAME,SUPPADDRESS,SUPPCONTACT,SUPPEMAIL) values (24,'Whole Factory','Ayer Keroh','145623490','factory@gmail.com');
Insert into INVENTORY.SUPPLIER (SUPPLIERID,SUPPNAME,SUPPADDRESS,SUPPCONTACT,SUPPEMAIL) values (23,'Foodie Factory','Alor Setar','134534234','foods@gmail.com');
Insert into INVENTORY.SUPPLIER (SUPPLIERID,SUPPNAME,SUPPADDRESS,SUPPCONTACT,SUPPEMAIL) values (21,'Imran Company','Merlimau','0112','imransasudin@gmail.com');
REM INSERTING into INVENTORY.STATIONERY
SET DEFINE OFF;
Insert into INVENTORY.STATIONERY (PRODID,STATIONERYBRAND) values (62,'Stabilo');
REM INSERTING into INVENTORY.PRODUCT
SET DEFINE OFF;
Insert into INVENTORY.PRODUCT (PRODID,PRODNAME,PRODPRICE,PRODQUANTITY,SUPPLIERID,PRODTYPE,SELLPRICE) values (61,'Bread',10,25,24,'Food',15);
Insert into INVENTORY.PRODUCT (PRODID,PRODNAME,PRODPRICE,PRODQUANTITY,SUPPLIERID,PRODTYPE,SELLPRICE) values (62,'Ruler',1,5,21,'Stationery',2);
REM INSERTING into INVENTORY.ORDERS_PRODUCT
SET DEFINE OFF;
Insert into INVENTORY.ORDERS_PRODUCT (ORDERID,PRODID,STATUS,ORDERPRODQUANTITY,TEACHERID) values (62,61,'Received',5,6);
Insert into INVENTORY.ORDERS_PRODUCT (ORDERID,PRODID,STATUS,ORDERPRODQUANTITY,TEACHERID) values (63,62,'Received',10,6);
Insert into INVENTORY.ORDERS_PRODUCT (ORDERID,PRODID,STATUS,ORDERPRODQUANTITY,TEACHERID) values (61,61,'Received',10,6);
REM INSERTING into INVENTORY.ORDERS
SET DEFINE OFF;
Insert into INVENTORY.ORDERS (ORDERID,ORDERDATE,TEACHERID) values (62,to_date('18/11/2019','DD/MM/RRRR'),6);
Insert into INVENTORY.ORDERS (ORDERID,ORDERDATE,TEACHERID) values (63,to_date('19/11/2019','DD/MM/RRRR'),5);
Insert into INVENTORY.ORDERS (ORDERID,ORDERDATE,TEACHERID) values (61,to_date('18/11/2019','DD/MM/RRRR'),6);
REM INSERTING into INVENTORY.FOOD
SET DEFINE OFF;
Insert into INVENTORY.FOOD (PRODID,FOODTYPE) values (61,'Gardenia');
--------------------------------------------------------
--  DDL for Index TEACHER_ORDER_PK
--------------------------------------------------------

  CREATE UNIQUE INDEX "INVENTORY"."TEACHER_ORDER_PK" ON "INVENTORY"."TEACHER_ORDER" ("ORDERID") 
  PCTFREE 10 INITRANS 2 MAXTRANS 255 COMPUTE STATISTICS 
  STORAGE(INITIAL 65536 NEXT 1048576 MINEXTENTS 1 MAXEXTENTS 2147483645
  PCTINCREASE 0 FREELISTS 1 FREELIST GROUPS 1 BUFFER_POOL DEFAULT FLASH_CACHE DEFAULT CELL_FLASH_CACHE DEFAULT)
  TABLESPACE "SYSTEM" ;
--------------------------------------------------------
--  DDL for Index TEACHER_PK
--------------------------------------------------------

  CREATE UNIQUE INDEX "INVENTORY"."TEACHER_PK" ON "INVENTORY"."TEACHER" ("TEACHERID") 
  PCTFREE 10 INITRANS 2 MAXTRANS 255 COMPUTE STATISTICS 
  STORAGE(INITIAL 65536 NEXT 1048576 MINEXTENTS 1 MAXEXTENTS 2147483645
  PCTINCREASE 0 FREELISTS 1 FREELIST GROUPS 1 BUFFER_POOL DEFAULT FLASH_CACHE DEFAULT CELL_FLASH_CACHE DEFAULT)
  TABLESPACE "SYSTEM" ;
--------------------------------------------------------
--  DDL for Index SUPPLIER_PK
--------------------------------------------------------

  CREATE UNIQUE INDEX "INVENTORY"."SUPPLIER_PK" ON "INVENTORY"."SUPPLIER" ("SUPPLIERID") 
  PCTFREE 10 INITRANS 2 MAXTRANS 255 COMPUTE STATISTICS 
  STORAGE(INITIAL 65536 NEXT 1048576 MINEXTENTS 1 MAXEXTENTS 2147483645
  PCTINCREASE 0 FREELISTS 1 FREELIST GROUPS 1 BUFFER_POOL DEFAULT FLASH_CACHE DEFAULT CELL_FLASH_CACHE DEFAULT)
  TABLESPACE "SYSTEM" ;
--------------------------------------------------------
--  DDL for Index STATIONERY_PK
--------------------------------------------------------

  CREATE UNIQUE INDEX "INVENTORY"."STATIONERY_PK" ON "INVENTORY"."STATIONERY" ("PRODID") 
  PCTFREE 10 INITRANS 2 MAXTRANS 255 COMPUTE STATISTICS 
  STORAGE(INITIAL 65536 NEXT 1048576 MINEXTENTS 1 MAXEXTENTS 2147483645
  PCTINCREASE 0 FREELISTS 1 FREELIST GROUPS 1 BUFFER_POOL DEFAULT FLASH_CACHE DEFAULT CELL_FLASH_CACHE DEFAULT)
  TABLESPACE "SYSTEM" ;
--------------------------------------------------------
--  DDL for Index PRODUCT_PK
--------------------------------------------------------

  CREATE UNIQUE INDEX "INVENTORY"."PRODUCT_PK" ON "INVENTORY"."PRODUCT" ("PRODID") 
  PCTFREE 10 INITRANS 2 MAXTRANS 255 COMPUTE STATISTICS 
  STORAGE(INITIAL 65536 NEXT 1048576 MINEXTENTS 1 MAXEXTENTS 2147483645
  PCTINCREASE 0 FREELISTS 1 FREELIST GROUPS 1 BUFFER_POOL DEFAULT FLASH_CACHE DEFAULT CELL_FLASH_CACHE DEFAULT)
  TABLESPACE "SYSTEM" ;
--------------------------------------------------------
--  DDL for Index ORDERS_PRODUCT_PK
--------------------------------------------------------

  CREATE UNIQUE INDEX "INVENTORY"."ORDERS_PRODUCT_PK" ON "INVENTORY"."ORDERS_PRODUCT" ("ORDERID", "PRODID") 
  PCTFREE 10 INITRANS 2 MAXTRANS 255 COMPUTE STATISTICS 
  STORAGE(INITIAL 65536 NEXT 1048576 MINEXTENTS 1 MAXEXTENTS 2147483645
  PCTINCREASE 0 FREELISTS 1 FREELIST GROUPS 1 BUFFER_POOL DEFAULT FLASH_CACHE DEFAULT CELL_FLASH_CACHE DEFAULT)
  TABLESPACE "SYSTEM" ;
--------------------------------------------------------
--  DDL for Index ORDERS_PK
--------------------------------------------------------

  CREATE UNIQUE INDEX "INVENTORY"."ORDERS_PK" ON "INVENTORY"."ORDERS" ("ORDERID") 
  PCTFREE 10 INITRANS 2 MAXTRANS 255 COMPUTE STATISTICS 
  STORAGE(INITIAL 65536 NEXT 1048576 MINEXTENTS 1 MAXEXTENTS 2147483645
  PCTINCREASE 0 FREELISTS 1 FREELIST GROUPS 1 BUFFER_POOL DEFAULT FLASH_CACHE DEFAULT CELL_FLASH_CACHE DEFAULT)
  TABLESPACE "SYSTEM" ;
--------------------------------------------------------
--  DDL for Index FOOD_PK
--------------------------------------------------------

  CREATE UNIQUE INDEX "INVENTORY"."FOOD_PK" ON "INVENTORY"."FOOD" ("PRODID") 
  PCTFREE 10 INITRANS 2 MAXTRANS 255 COMPUTE STATISTICS 
  STORAGE(INITIAL 65536 NEXT 1048576 MINEXTENTS 1 MAXEXTENTS 2147483645
  PCTINCREASE 0 FREELISTS 1 FREELIST GROUPS 1 BUFFER_POOL DEFAULT FLASH_CACHE DEFAULT CELL_FLASH_CACHE DEFAULT)
  TABLESPACE "SYSTEM" ;
--------------------------------------------------------
--  DDL for Trigger TEACHER_ORDER_TRG
--------------------------------------------------------

  CREATE OR REPLACE TRIGGER "INVENTORY"."TEACHER_ORDER_TRG" 
BEFORE INSERT ON TEACHER_ORDER 
FOR EACH ROW 
BEGIN
  <<COLUMN_SEQUENCES>>
  BEGIN
    IF INSERTING AND :NEW.ORDERID IS NULL THEN
      SELECT TEACHER_ORDER_SEQ.NEXTVAL INTO :NEW.ORDERID FROM SYS.DUAL;
    END IF;
  END COLUMN_SEQUENCES;
END;
/
ALTER TRIGGER "INVENTORY"."TEACHER_ORDER_TRG" ENABLE;
--------------------------------------------------------
--  DDL for Trigger TEACHER_TRG
--------------------------------------------------------

  CREATE OR REPLACE TRIGGER "INVENTORY"."TEACHER_TRG" 
BEFORE INSERT ON TEACHER 
FOR EACH ROW 
BEGIN
  <<COLUMN_SEQUENCES>>
  BEGIN
    NULL;
  END COLUMN_SEQUENCES;
END;

/
ALTER TRIGGER "INVENTORY"."TEACHER_TRG" ENABLE;
--------------------------------------------------------
--  DDL for Trigger TEACHER_TRG1
--------------------------------------------------------

  CREATE OR REPLACE TRIGGER "INVENTORY"."TEACHER_TRG1" 
BEFORE INSERT ON TEACHER 
FOR EACH ROW 
BEGIN
  <<COLUMN_SEQUENCES>>
  BEGIN
    IF INSERTING AND :NEW.TEACHERID IS NULL THEN
      SELECT TEACHER_SEQ1.NEXTVAL INTO :NEW.TEACHERID FROM SYS.DUAL;
    END IF;
  END COLUMN_SEQUENCES;
END;

/
ALTER TRIGGER "INVENTORY"."TEACHER_TRG1" ENABLE;
--------------------------------------------------------
--  DDL for Trigger SUPPLIER_TRG
--------------------------------------------------------

  CREATE OR REPLACE TRIGGER "INVENTORY"."SUPPLIER_TRG" 
BEFORE INSERT ON SUPPLIER 
FOR EACH ROW 
BEGIN
  <<COLUMN_SEQUENCES>>
  BEGIN
    IF INSERTING THEN
      SELECT SUPPLIER_SEQ.NEXTVAL INTO :NEW.SUPPLIERID FROM SYS.DUAL;
    END IF;
  END COLUMN_SEQUENCES;
END;
/
ALTER TRIGGER "INVENTORY"."SUPPLIER_TRG" ENABLE;
--------------------------------------------------------
--  DDL for Trigger PRODUCT_TRG1
--------------------------------------------------------

  CREATE OR REPLACE TRIGGER "INVENTORY"."PRODUCT_TRG1" 
BEFORE INSERT ON PRODUCT 
FOR EACH ROW 
BEGIN
  <<COLUMN_SEQUENCES>>
  BEGIN
    NULL;
  END COLUMN_SEQUENCES;
END;



/
ALTER TRIGGER "INVENTORY"."PRODUCT_TRG1" ENABLE;
--------------------------------------------------------
--  DDL for Trigger PRODUCT_TRG
--------------------------------------------------------

  CREATE OR REPLACE TRIGGER "INVENTORY"."PRODUCT_TRG" 
BEFORE INSERT ON PRODUCT 
FOR EACH ROW 
BEGIN
  <<COLUMN_SEQUENCES>>
  BEGIN
    NULL;
  END COLUMN_SEQUENCES;
END;



/
ALTER TRIGGER "INVENTORY"."PRODUCT_TRG" ENABLE;
--------------------------------------------------------
--  DDL for Trigger PRODUCT_TRG2
--------------------------------------------------------

  CREATE OR REPLACE TRIGGER "INVENTORY"."PRODUCT_TRG2" 
BEFORE INSERT ON PRODUCT 
FOR EACH ROW 
BEGIN
  <<COLUMN_SEQUENCES>>
  BEGIN
    NULL;
  END COLUMN_SEQUENCES;
END;
/
ALTER TRIGGER "INVENTORY"."PRODUCT_TRG2" ENABLE;
--------------------------------------------------------
--  DDL for Trigger ORDERS_TRG
--------------------------------------------------------

  CREATE OR REPLACE TRIGGER "INVENTORY"."ORDERS_TRG" 
BEFORE INSERT ON ORDERS 
FOR EACH ROW 
BEGIN
  <<COLUMN_SEQUENCES>>
  BEGIN
    NULL;
  END COLUMN_SEQUENCES;
END;
/
ALTER TRIGGER "INVENTORY"."ORDERS_TRG" ENABLE;
--------------------------------------------------------
--  Constraints for Table TEACHER_ORDER
--------------------------------------------------------

  ALTER TABLE "INVENTORY"."TEACHER_ORDER" MODIFY ("ORDERID" NOT NULL ENABLE);
  ALTER TABLE "INVENTORY"."TEACHER_ORDER" ADD CONSTRAINT "TEACHER_ORDER_PK" PRIMARY KEY ("ORDERID")
  USING INDEX PCTFREE 10 INITRANS 2 MAXTRANS 255 COMPUTE STATISTICS 
  STORAGE(INITIAL 65536 NEXT 1048576 MINEXTENTS 1 MAXEXTENTS 2147483645
  PCTINCREASE 0 FREELISTS 1 FREELIST GROUPS 1 BUFFER_POOL DEFAULT FLASH_CACHE DEFAULT CELL_FLASH_CACHE DEFAULT)
  TABLESPACE "SYSTEM"  ENABLE;
--------------------------------------------------------
--  Constraints for Table TEACHER
--------------------------------------------------------

  ALTER TABLE "INVENTORY"."TEACHER" ADD CONSTRAINT "TEACHER_PK" PRIMARY KEY ("TEACHERID")
  USING INDEX PCTFREE 10 INITRANS 2 MAXTRANS 255 COMPUTE STATISTICS 
  STORAGE(INITIAL 65536 NEXT 1048576 MINEXTENTS 1 MAXEXTENTS 2147483645
  PCTINCREASE 0 FREELISTS 1 FREELIST GROUPS 1 BUFFER_POOL DEFAULT FLASH_CACHE DEFAULT CELL_FLASH_CACHE DEFAULT)
  TABLESPACE "SYSTEM"  ENABLE;
  ALTER TABLE "INVENTORY"."TEACHER" MODIFY ("PASSWORD" NOT NULL ENABLE);
  ALTER TABLE "INVENTORY"."TEACHER" MODIFY ("TEACHERID" NOT NULL ENABLE);
--------------------------------------------------------
--  Constraints for Table SUPPLIER
--------------------------------------------------------

  ALTER TABLE "INVENTORY"."SUPPLIER" ADD CONSTRAINT "SUPPLIER_PK" PRIMARY KEY ("SUPPLIERID")
  USING INDEX PCTFREE 10 INITRANS 2 MAXTRANS 255 COMPUTE STATISTICS 
  STORAGE(INITIAL 65536 NEXT 1048576 MINEXTENTS 1 MAXEXTENTS 2147483645
  PCTINCREASE 0 FREELISTS 1 FREELIST GROUPS 1 BUFFER_POOL DEFAULT FLASH_CACHE DEFAULT CELL_FLASH_CACHE DEFAULT)
  TABLESPACE "SYSTEM"  ENABLE;
  ALTER TABLE "INVENTORY"."SUPPLIER" MODIFY ("SUPPLIERID" NOT NULL ENABLE);
--------------------------------------------------------
--  Constraints for Table STATIONERY
--------------------------------------------------------

  ALTER TABLE "INVENTORY"."STATIONERY" ADD CONSTRAINT "STATIONERY_PK" PRIMARY KEY ("PRODID")
  USING INDEX PCTFREE 10 INITRANS 2 MAXTRANS 255 COMPUTE STATISTICS 
  STORAGE(INITIAL 65536 NEXT 1048576 MINEXTENTS 1 MAXEXTENTS 2147483645
  PCTINCREASE 0 FREELISTS 1 FREELIST GROUPS 1 BUFFER_POOL DEFAULT FLASH_CACHE DEFAULT CELL_FLASH_CACHE DEFAULT)
  TABLESPACE "SYSTEM"  ENABLE;
  ALTER TABLE "INVENTORY"."STATIONERY" MODIFY ("PRODID" NOT NULL ENABLE);
--------------------------------------------------------
--  Constraints for Table PRODUCT
--------------------------------------------------------

  ALTER TABLE "INVENTORY"."PRODUCT" ADD CONSTRAINT "PRODUCT_PK" PRIMARY KEY ("PRODID")
  USING INDEX PCTFREE 10 INITRANS 2 MAXTRANS 255 COMPUTE STATISTICS 
  STORAGE(INITIAL 65536 NEXT 1048576 MINEXTENTS 1 MAXEXTENTS 2147483645
  PCTINCREASE 0 FREELISTS 1 FREELIST GROUPS 1 BUFFER_POOL DEFAULT FLASH_CACHE DEFAULT CELL_FLASH_CACHE DEFAULT)
  TABLESPACE "SYSTEM"  ENABLE;
  ALTER TABLE "INVENTORY"."PRODUCT" MODIFY ("PRODID" NOT NULL ENABLE);
--------------------------------------------------------
--  Constraints for Table ORDERS_PRODUCT
--------------------------------------------------------

  ALTER TABLE "INVENTORY"."ORDERS_PRODUCT" ADD CONSTRAINT "ORDERS_PRODUCT_PK" PRIMARY KEY ("ORDERID", "PRODID")
  USING INDEX PCTFREE 10 INITRANS 2 MAXTRANS 255 COMPUTE STATISTICS 
  STORAGE(INITIAL 65536 NEXT 1048576 MINEXTENTS 1 MAXEXTENTS 2147483645
  PCTINCREASE 0 FREELISTS 1 FREELIST GROUPS 1 BUFFER_POOL DEFAULT FLASH_CACHE DEFAULT CELL_FLASH_CACHE DEFAULT)
  TABLESPACE "SYSTEM"  ENABLE;
  ALTER TABLE "INVENTORY"."ORDERS_PRODUCT" MODIFY ("PRODID" NOT NULL ENABLE);
  ALTER TABLE "INVENTORY"."ORDERS_PRODUCT" MODIFY ("ORDERID" NOT NULL ENABLE);
--------------------------------------------------------
--  Constraints for Table ORDERS
--------------------------------------------------------

  ALTER TABLE "INVENTORY"."ORDERS" ADD CONSTRAINT "ORDERS_PK" PRIMARY KEY ("ORDERID")
  USING INDEX PCTFREE 10 INITRANS 2 MAXTRANS 255 COMPUTE STATISTICS 
  STORAGE(INITIAL 65536 NEXT 1048576 MINEXTENTS 1 MAXEXTENTS 2147483645
  PCTINCREASE 0 FREELISTS 1 FREELIST GROUPS 1 BUFFER_POOL DEFAULT FLASH_CACHE DEFAULT CELL_FLASH_CACHE DEFAULT)
  TABLESPACE "SYSTEM"  ENABLE;
  ALTER TABLE "INVENTORY"."ORDERS" MODIFY ("ORDERID" NOT NULL ENABLE);
--------------------------------------------------------
--  Constraints for Table FOOD
--------------------------------------------------------

  ALTER TABLE "INVENTORY"."FOOD" ADD CONSTRAINT "FOOD_PK" PRIMARY KEY ("PRODID")
  USING INDEX PCTFREE 10 INITRANS 2 MAXTRANS 255 COMPUTE STATISTICS 
  STORAGE(INITIAL 65536 NEXT 1048576 MINEXTENTS 1 MAXEXTENTS 2147483645
  PCTINCREASE 0 FREELISTS 1 FREELIST GROUPS 1 BUFFER_POOL DEFAULT FLASH_CACHE DEFAULT CELL_FLASH_CACHE DEFAULT)
  TABLESPACE "SYSTEM"  ENABLE;
  ALTER TABLE "INVENTORY"."FOOD" MODIFY ("PRODID" NOT NULL ENABLE);
